{"cameraMode":{"drawMode":0,"name":"Shaded","section":"Shading Mode"},"sceneLighting":true,"audioPlay":false,"sceneViewState":{"showFog":true,"showMaterialUpdate":true,"showSkybox":true,"showFlares":true,"showImageEffects":true,"showParticleSystems":true},"in2DMode":false,"pivot":{"x":945.9287719726563,"y":0.9124507904052734,"z":965.0677490234375},"rotation":{"x":0.33531320095062258,"y":-0.6343011260032654,"z":0.35480618476867678,"w":0.5994638204574585},"size":12.403639793395996,"orthographic":false}