{"cameraMode":{"drawMode":0,"name":"Shaded","section":"Shading Mode"},"sceneLighting":false,"audioPlay":false,"sceneViewState":{"showFog":true,"showMaterialUpdate":true,"showSkybox":false,"showFlares":true,"showImageEffects":true,"showParticleSystems":true},"in2DMode":false,"pivot":{"x":-1.4199457168579102,"y":6.710874557495117,"z":-4.334366798400879},"rotation":{"x":0.4149167537689209,"y":-0.3813049793243408,"z":0.19720633327960969,"w":0.8022419810295105},"size":6.985934257507324,"orthographic":false}